Topology,Iteration,TrainLoss,TestLoss,Gap,ConsErr
complete,0,0.692769467830658,0.6927287301063537,-4.073772430424061e-05,1.5356503996771452e-07
complete,4,0.9228807091712952,0.9667522783279419,0.043871569156646695,9.215967366640832e-08
