Topology,Iteration,TrainLoss,TestLoss,Gap,ConsErr
complete,0,0.692769467830658,0.6927287301063537,-4.073772430424061e-05,1.5356503996771452e-07
complete,10,1.462796926498413,1.5825763019561767,0.11977937545776363,1.2105376262007664e-07
complete,19,2.439379930496216,2.6736643318176267,0.23428440132141093,1.36372642219211e-07
